Time,ROLL,YAW,PITCH
0,0,0,-0.334529405053707
2,0,0,0.233022074238948
5,0,0,-0.075264619006616
10,0,0,0.403930928182946
15,0,0,0.085355813534978
20,0,0,-0.157149732190426
30,0,0,-0.247917318042308
43.9,0,0,-0.488417020318841
54,0,0,-0.342402416619808
74.1,0,0,-0.279531126433529
95.1,0,0,-0.226561244417878
120.4,0,0,-0.067123332302575
123,0,0,-0.115620242285865
129.9,0,0,-0.290306414622902
140,0,0,-0.118410727945321
160,0,0,-0.225918338044863
180,0,0,0.169276523850417
