Time,Thrust,PropMass
s,kN,Kg
0,0,7380.3422
0.1,88,7377.78405581814
2.1,88,7326.62117218086
50,88,6101.2701090681
50.1,88,6098.71196488624
100,88,4822.1980181362
150,88,3543.1259272043
200,88,2264.0538362724
250,88,984.9817453405
288.4,88,2.65437950480145
288.5,0,0.096235322937073
