Time,Thrust,PropMass
s,kN,Kg
0,0,53432.5818
0.1,1011.5,53400.99201
10,1011.5,50273.60287
50,1011.5,37637.68713
100,1011.5,21842.79247
150,1011.5,6047.897804
160.8,1011.5,2636.200556
160.9,1011.5,2604.610767
161.2,1011.5,2509.841399
169,1011.5,45.83783126
169.1,0,14.24804193
170,0,14.24804193
